id,country,amount,datetime,type,fraud
1,NL,170.59,2024-04-16 06:06:00,credit_card,0
2,DE,59.39,2024-03-07 19:13:00,paypal,0
3,DE,391.27,2024-01-29 18:03:00,paypal,0
4,FR,203.22,2024-04-21 07:35:00,bank,0
5,FR,376.93,2024-01-29 01:41:00,paypal,0
6,FR,223.52,2024-01-14 09:15:00,bank,0
7,FR,321.5,2024-01-26 04:40:00,credit_card,0
8,US,4759.44,2024-02-14 13:56:00,credit_card,1
9,UK,337.46,2024-04-02 10:00:00,bank,0
10,FR,121.04,2024-01-19 16:15:00,paypal,0
11,ES,389.85,2024-04-10 17:39:00,credit_card,0
12,UK,4346.11,2024-03-13 00:32:00,credit_card,1
13,IT,274.84,2024-03-31 14:20:00,paypal,0
14,ES,271.56,2024-03-26 19:54:00,credit_card,0
15,DE,295.62,2024-01-12 02:19:00,paypal,0
16,IT,222.4,2024-03-05 01:05:00,paypal,0
17,FR,285.28,2024-05-07 11:18:00,paypal,0
18,DE,100.24,2024-04-29 14:55:00,bank,0
19,DE,134.05,2024-03-16 15:21:00,bank,0
20,ES,196.74,2024-04-08 03:56:00,paypal,0
21,FR,230.91,2024-04-14 15:23:00,bank,0
22,UK,388.9,2024-05-18 17:03:00,bank,0
23,NL,114.52,2024-06-28 03:17:00,credit_card,0
24,UK,32.24,2024-04-27 21:09:00,bank,0
25,FR,369.58,2024-01-13 05:18:00,paypal,0
26,FR,112.1,2024-04-12 07:29:00,paypal,0
27,IT,150.3,2024-06-21 10:04:00,credit_card,0
28,FR,20.13,2024-06-16 00:09:00,credit_card,0
29,FR,123.29,2024-01-06 06:28:00,paypal,0
30,IT,115.05,2024-01-13 15:18:00,bank,0
31,IT,55.3,2024-06-27 04:06:00,paypal,0
32,NL,375.51,2024-02-26 08:35:00,paypal,0
33,UK,222.91,2024-03-18 20:35:00,bank,0
34,UK,341.45,2024-06-04 03:56:00,credit_card,0
35,ES,92.1,2024-06-28 05:06:00,credit_card,0
36,DE,141.09,2024-01-12 14:34:00,bank,0
37,NL,184.22,2024-04-20 05:09:00,bank,0
38,NL,228.54,2024-05-24 06:34:00,bank,0
39,UK,112.48,2024-04-30 12:03:00,credit_card,0
40,UK,45.25,2024-05-20 15:01:00,credit_card,0
41,FR,86.9,2024-02-29 04:09:00,paypal,0
42,FR,53.4,2024-03-22 20:18:00,bank,0
43,ES,375.88,2024-05-17 10:29:00,paypal,0
44,IT,266.72,2024-03-13 21:36:00,bank,0
45,UK,2485.16,2024-02-08 09:47:00,paypal,1
46,FR,306.84,2024-02-22 16:36:00,credit_card,0
47,NL,169.26,2024-04-09 23:38:00,bank,0
48,IT,325.33,2024-06-01 10:33:00,credit_card,0
49,FR,392.02,2024-01-30 09:57:00,paypal,0
50,DE,26.04,2024-04-01 09:18:00,bank,0
51,IT,247.85,2024-02-13 19:02:00,credit_card,0
52,ES,328.28,2024-05-16 17:46:00,credit_card,0
53,DE,379.09,2024-04-27 21:53:00,bank,0
54,UK,174.88,2024-06-10 16:07:00,credit_card,0
55,IT,207.73,2024-01-20 20:27:00,bank,0
56,FR,50.34,2024-02-10 22:12:00,bank,0
57,FR,354.43,2024-06-18 09:17:00,bank,0
58,NL,237.18,2024-05-19 18:29:00,paypal,0
59,FR,353.49,2024-02-02 00:01:00,bank,0
60,ES,255.07,2024-04-09 19:48:00,paypal,0
61,IT,270.77,2024-05-02 09:30:00,bank,0
62,DE,218.07,2024-06-22 07:00:00,paypal,0
63,UK,141.81,2024-03-21 12:46:00,credit_card,0
64,ES,306.33,2024-03-09 16:03:00,paypal,0
65,IT,276.52,2024-06-17 04:37:00,credit_card,0
66,FR,88.35,2024-04-30 05:27:00,paypal,0
67,IT,397.18,2024-03-10 15:04:00,bank,0
68,DE,355.47,2024-01-25 16:43:00,credit_card,0
69,IT,321.79,2024-05-30 07:07:00,paypal,0
70,FR,182.48,2024-04-03 10:52:00,bank,0
71,IT,288.48,2024-01-31 08:04:00,paypal,0
72,DE,333.99,2024-03-11 21:39:00,credit_card,0
73,IT,72.03,2024-01-16 10:28:00,paypal,0
74,DE,187.39,2024-01-07 20:18:00,bank,0
75,IT,318.59,2024-03-24 05:09:00,paypal,0
76,NL,292.01,2024-06-10 04:25:00,paypal,0
77,NL,11.49,2024-04-03 19:42:00,paypal,0
78,ES,121.62,2024-06-27 00:42:00,paypal,0
79,IT,368.16,2024-04-06 16:31:00,paypal,0
80,UK,3849.8,2024-05-30 23:43:00,credit_card,1
81,IT,301.04,2024-06-17 12:43:00,paypal,0
82,FR,128.1,2024-02-29 01:15:00,bank,0
83,ES,352.93,2024-03-29 05:44:00,bank,0
84,DE,270.12,2024-03-14 22:45:00,credit_card,0
85,NL,44.2,2024-05-18 20:26:00,paypal,0
86,IT,101.27,2024-04-10 08:30:00,bank,0
87,DE,370.91,2024-06-03 12:00:00,credit_card,0
88,UK,143.86,2024-01-08 17:03:00,bank,0
89,FR,165.53,2024-03-28 15:05:00,credit_card,0
90,FR,390.6,2024-05-27 14:18:00,credit_card,0
91,NL,244.5,2024-05-23 22:47:00,bank,0
92,UK,220.06,2024-06-27 00:15:00,bank,0
93,UK,161.68,2024-05-10 03:56:00,bank,0
94,NL,32.1,2024-05-19 07:01:00,credit_card,0
95,UK,101.67,2024-01-09 01:16:00,credit_card,0
96,FR,266.12,2024-01-05 16:38:00,credit_card,0
97,FR,94.86,2024-02-02 15:59:00,bank,0
98,FR,379.26,2024-04-04 11:05:00,bank,0
99,FR,141.73,2024-02-20 04:19:00,bank,0
100,DE,255.12,2024-04-06 14:14:00,paypal,0
101,FR,399.99,2024-01-29 04:57:00,credit_card,0
102,UK,109.54,2024-02-08 09:02:00,paypal,0
103,DE,310.21,2024-06-04 12:59:00,bank,0
104,IT,125.55,2024-05-24 18:55:00,bank,0
105,DE,118.33,2024-03-19 06:12:00,bank,0
106,DE,338.55,2024-01-19 09:53:00,bank,0
107,UK,5509.55,2024-03-13 17:00:00,paypal,1
108,DE,186.02,2024-04-12 11:45:00,credit_card,0
109,NL,289.17,2024-05-15 01:37:00,paypal,0
110,UK,266.44,2024-03-29 14:17:00,paypal,0
111,FR,373.83,2024-05-11 06:39:00,bank,0
112,NL,142.15,2024-03-18 23:36:00,credit_card,0
113,IT,44.11,2024-03-30 01:59:00,paypal,0
114,ES,22.51,2024-04-09 09:34:00,credit_card,0
115,NL,50.68,2024-06-12 17:59:00,paypal,0
116,NL,136.68,2024-04-16 02:01:00,credit_card,0
117,FR,221.94,2024-06-17 21:03:00,bank,0
118,DE,379.36,2024-03-25 15:45:00,paypal,0
119,NL,100.98,2024-03-27 02:27:00,bank,0
120,UK,247.89,2024-06-19 10:29:00,bank,0
121,FR,361.46,2024-01-30 23:18:00,bank,0
122,IT,330.85,2024-01-01 05:01:00,paypal,0
123,ES,284.67,2024-01-24 01:02:00,credit_card,0
124,ES,116.72,2024-02-24 08:24:00,credit_card,0
125,FR,333.38,2024-05-20 08:58:00,credit_card,0
126,UK,2976.87,2024-02-08 03:21:00,credit_card,1
127,FR,366.05,2024-06-20 21:13:00,bank,0
128,FR,58.61,2024-01-14 11:32:00,credit_card,0
129,FR,6.28,2024-05-11 10:52:00,bank,0
130,ES,231.05,2024-03-26 02:07:00,paypal,0
131,ES,34.3,2024-03-25 19:15:00,paypal,0
132,FR,289.91,2024-02-27 10:39:00,credit_card,0
133,IT,85.59,2024-04-20 10:32:00,bank,0
134,ES,367.31,2024-01-21 10:14:00,credit_card,0
135,NL,367.4,2024-01-23 02:13:00,credit_card,0
136,UK,349.67,2024-03-21 18:27:00,paypal,0
137,FR,100.34,2024-03-14 23:42:00,credit_card,0
138,NL,399.83,2024-05-02 09:14:00,credit_card,0
139,IT,40.57,2024-03-12 14:06:00,credit_card,0
140,IT,219.33,2024-03-16 16:32:00,bank,0
141,ES,142.23,2024-01-12 19:43:00,paypal,0
142,ES,267.22,2024-04-22 17:35:00,paypal,0
143,ES,339.97,2024-05-11 00:39:00,paypal,0
144,UK,34.03,2024-01-15 16:58:00,bank,0
145,DE,209.65,2024-02-25 08:44:00,credit_card,0
146,ES,258.27,2024-06-08 03:04:00,credit_card,0
147,ES,75.5,2024-04-07 19:19:00,credit_card,0
148,NL,187.36,2024-02-21 07:04:00,bank,0
149,IT,362.61,2024-06-03 00:41:00,bank,0
150,NL,257.38,2024-03-18 05:50:00,bank,0
151,ES,92.44,2024-01-12 12:11:00,paypal,0
152,FR,391.44,2024-04-27 13:53:00,paypal,0
153,IT,201.52,2024-06-17 06:22:00,paypal,0
154,UK,172.25,2024-03-06 20:51:00,paypal,0
155,NL,321.45,2024-05-12 08:40:00,bank,0
156,IT,272.16,2024-02-13 05:47:00,bank,0
157,UK,308.15,2024-05-03 22:42:00,paypal,0
158,US,4735.06,2024-05-03 04:32:00,credit_card,1
159,UK,220.51,2024-05-31 22:24:00,credit_card,0
160,IT,381.84,2024-02-24 23:13:00,bank,0
161,NL,271.62,2024-04-11 08:25:00,paypal,0
162,IT,257.86,2024-02-22 16:54:00,paypal,0
163,UK,74.32,2024-06-04 20:33:00,credit_card,0
164,IT,318.27,2024-01-21 19:52:00,credit_card,0
165,UK,1645.18,2024-01-18 14:33:00,credit_card,1
166,FR,126.76,2024-06-12 15:42:00,credit_card,0
167,IT,118.4,2024-02-02 18:21:00,credit_card,0
168,UK,368.77,2024-02-11 09:54:00,paypal,0
169,FR,282.62,2024-06-21 09:58:00,paypal,0
170,FR,310.88,2024-05-23 13:38:00,bank,0
171,NL,259.18,2024-02-29 19:08:00,bank,0
172,UK,144.7,2024-04-11 22:10:00,credit_card,0
173,ES,243.1,2024-06-18 00:28:00,paypal,0
174,ES,101.73,2024-05-26 23:21:00,bank,0
175,ES,392.11,2024-06-21 13:27:00,paypal,0
176,ES,157.54,2024-01-15 20:32:00,credit_card,0
177,ES,54.12,2024-05-05 08:52:00,bank,0
178,ES,321.43,2024-05-03 16:23:00,paypal,0
179,DE,361.64,2024-02-06 19:14:00,paypal,0
180,FR,242.97,2024-03-14 01:41:00,credit_card,0
181,DE,232.42,2024-04-14 09:13:00,bank,0
182,NL,50.91,2024-02-07 09:24:00,bank,0
183,UK,387.78,2024-03-26 13:30:00,bank,0
184,IT,261.58,2024-02-15 10:34:00,bank,0
185,UK,363.82,2024-05-30 11:36:00,credit_card,0
186,NL,279.12,2024-03-30 10:05:00,bank,0
187,IT,286.18,2024-03-22 14:06:00,paypal,0
188,UK,4842.28,2024-01-30 01:33:00,credit_card,1
189,UK,41.24,2024-04-06 13:42:00,credit_card,0
190,IT,382.07,2024-05-26 11:25:00,bank,0
191,FR,149.7,2024-03-10 16:42:00,paypal,0
192,IT,34.13,2024-06-26 00:23:00,paypal,0
193,UK,18.75,2024-01-13 05:44:00,bank,0
194,ES,129.89,2024-05-16 20:56:00,bank,0
195,UK,135.8,2024-01-06 00:35:00,paypal,0
196,FR,336.5,2024-04-23 02:39:00,credit_card,0
197,IT,175.09,2024-05-29 16:51:00,credit_card,0
198,FR,14.35,2024-02-05 03:47:00,credit_card,0
199,UK,4827.75,2024-06-05 18:12:00,credit_card,1
200,IT,210.37,2024-05-26 19:41:00,credit_card,0
201,ES,55.07,2024-03-17 15:12:00,credit_card,0
202,DE,166.16,2024-02-10 21:43:00,paypal,0
203,IT,271.87,2024-04-03 01:21:00,bank,0
204,UK,340.88,2024-01-07 18:57:00,paypal,0
205,NL,386.84,2024-02-09 03:58:00,bank,0
206,UK,188.26,2024-04-12 14:59:00,bank,0
207,NL,48.92,2024-02-22 10:44:00,bank,0
208,FR,287.9,2024-02-13 10:50:00,paypal,0
209,FR,50.59,2024-01-20 11:38:00,bank,0
210,NL,241.58,2024-03-29 22:45:00,credit_card,0
211,DE,44.39,2024-06-14 17:46:00,bank,0
212,UK,1735.45,2024-03-20 03:31:00,paypal,1
213,ES,273.76,2024-01-22 15:05:00,paypal,0
214,ES,48.29,2024-03-16 19:53:00,paypal,0
215,FR,52.36,2024-06-11 01:43:00,bank,0
216,UK,3046.88,2024-04-18 11:28:00,credit_card,1
217,NL,113.0,2024-05-31 22:57:00,paypal,0
218,NL,266.46,2024-06-08 13:01:00,credit_card,0
219,NL,373.04,2024-01-19 20:34:00,bank,0
220,FR,186.74,2024-05-05 12:57:00,paypal,0
221,FR,57.2,2024-04-08 04:42:00,credit_card,0
222,ES,162.3,2024-05-28 10:33:00,paypal,0
223,IT,298.74,2024-03-27 09:53:00,credit_card,0
224,NL,94.88,2024-01-10 08:22:00,paypal,0
225,UK,388.58,2024-01-10 04:58:00,paypal,0
226,IT,273.16,2024-01-10 12:47:00,bank,0
227,FR,80.1,2024-02-15 15:00:00,paypal,0
228,IT,244.47,2024-04-03 20:16:00,credit_card,0
229,ES,258.39,2024-03-13 18:13:00,bank,0
230,FR,284.25,2024-05-07 23:23:00,bank,0
231,NL,200.1,2024-06-19 20:38:00,paypal,0
232,ES,261.81,2024-05-22 05:15:00,credit_card,0
233,IT,326.93,2024-06-11 09:17:00,paypal,0
234,IT,63.29,2024-05-05 04:16:00,credit_card,0
235,NL,263.61,2024-03-25 15:33:00,paypal,0
236,ES,340.58,2024-05-29 16:49:00,credit_card,0
237,NL,123.88,2024-04-09 17:58:00,paypal,0
238,UK,270.98,2024-06-28 03:53:00,credit_card,0
239,IT,394.2,2024-02-18 06:41:00,credit_card,0
240,US,4211.74,2024-05-24 04:38:00,credit_card,1
241,UK,351.69,2024-04-10 08:49:00,paypal,0
242,FR,160.59,2024-05-24 16:57:00,credit_card,0
243,IT,83.83,2024-06-16 04:46:00,credit_card,0
244,FR,303.69,2024-06-27 03:05:00,credit_card,0
245,ES,373.64,2024-06-09 08:33:00,credit_card,0
246,NL,79.35,2024-04-20 03:18:00,paypal,0
247,NL,269.66,2024-03-15 18:51:00,bank,0
248,NL,105.06,2024-05-17 03:10:00,bank,0
249,NL,54.44,2024-02-25 03:03:00,bank,0
250,DE,149.12,2024-01-24 22:08:00,paypal,0
251,FR,209.59,2024-01-10 03:24:00,paypal,0
252,UK,4581.94,2024-01-09 08:12:00,credit_card,1
253,ES,226.85,2024-02-28 02:14:00,paypal,0
254,IT,16.46,2024-03-02 04:34:00,bank,0
255,ES,300.19,2024-03-06 00:10:00,bank,0
256,FR,218.39,2024-05-25 08:45:00,credit_card,0
257,ES,280.4,2024-04-10 22:15:00,bank,0
258,IT,172.31,2024-03-26 00:27:00,bank,0
259,FR,273.74,2024-04-18 11:09:00,credit_card,0
260,NL,236.65,2024-04-12 05:36:00,credit_card,0
261,US,5144.65,2024-05-26 13:17:00,credit_card,1
262,UK,80.66,2024-05-14 11:00:00,credit_card,0
263,ES,50.79,2024-05-20 15:18:00,bank,0
264,IT,304.48,2024-05-05 17:19:00,paypal,0
265,DE,181.47,2024-05-08 02:48:00,paypal,0
266,IT,203.5,2024-06-11 22:49:00,paypal,0
267,ES,137.87,2024-05-30 18:51:00,paypal,0
268,NL,78.99,2024-05-01 15:28:00,bank,0
269,UK,80.36,2024-03-21 06:55:00,credit_card,0
270,ES,356.35,2024-05-15 07:33:00,bank,0
271,IT,300.51,2024-02-01 16:20:00,paypal,0
272,IT,64.59,2024-01-12 06:19:00,paypal,0
273,UK,113.42,2024-04-13 00:34:00,bank,0
274,IT,56.03,2024-04-06 22:53:00,credit_card,0
275,DE,106.09,2024-06-01 00:00:00,credit_card,0
276,ES,314.25,2024-05-21 07:06:00,paypal,0
277,FR,381.63,2024-06-16 22:10:00,paypal,0
278,NL,248.9,2024-02-12 17:43:00,credit_card,0
279,IT,329.74,2024-03-13 22:43:00,credit_card,0
280,ES,321.88,2024-06-06 07:09:00,bank,0
281,UK,300.2,2024-02-08 22:55:00,bank,0
282,FR,53.13,2024-02-13 09:45:00,bank,0
283,NL,244.01,2024-05-03 14:52:00,credit_card,0
284,UK,341.9,2024-04-02 00:09:00,paypal,0
285,FR,217.74,2024-03-03 19:52:00,bank,0
286,UK,367.11,2024-02-26 11:25:00,credit_card,0
287,ES,103.22,2024-02-04 15:02:00,credit_card,0
288,FR,238.88,2024-05-31 04:49:00,credit_card,0
289,FR,88.79,2024-05-25 05:46:00,bank,0
290,NL,334.87,2024-06-09 20:51:00,paypal,0
291,UK,197.22,2024-05-01 10:44:00,paypal,0
292,UK,74.97,2024-05-20 16:37:00,credit_card,0
293,NL,375.93,2024-02-20 22:12:00,bank,0
294,ES,303.2,2024-01-21 17:16:00,credit_card,0
295,FR,379.86,2024-05-30 00:56:00,credit_card,0
296,IT,300.27,2024-04-09 10:05:00,paypal,0
297,UK,202.6,2024-05-31 16:58:00,credit_card,0
298,UK,66.4,2024-02-21 07:00:00,paypal,0
299,NL,12.72,2024-06-09 07:38:00,paypal,0
300,NL,319.72,2024-05-12 00:59:00,bank,0
301,DE,87.98,2024-02-15 10:12:00,bank,0
302,NL,197.85,2024-02-19 16:28:00,credit_card,0
303,IT,153.38,2024-05-04 06:53:00,bank,0
304,ES,271.03,2024-04-09 02:43:00,bank,0
305,FR,43.38,2024-04-24 05:24:00,paypal,0
306,UK,124.14,2024-04-27 02:47:00,paypal,0
307,FR,107.76,2024-02-29 14:13:00,credit_card,0
308,IT,232.92,2024-05-04 23:09:00,credit_card,0
309,NL,15.65,2024-03-12 17:30:00,paypal,0
310,UK,130.23,2024-03-04 11:56:00,bank,0
311,UK,58.6,2024-03-25 01:11:00,bank,0
312,ES,115.47,2024-04-18 12:38:00,bank,0
313,US,3625.71,2024-01-05 19:56:00,credit_card,1
314,ES,357.75,2024-01-15 16:02:00,bank,0
315,FR,394.13,2024-05-24 04:35:00,credit_card,0
316,FR,138.88,2024-03-23 13:22:00,bank,0
317,DE,99.75,2024-04-10 11:41:00,credit_card,0
318,IT,182.89,2024-04-10 02:21:00,paypal,0
319,UK,322.57,2024-04-04 12:59:00,bank,0
320,UK,33.47,2024-06-05 21:06:00,bank,0
321,ES,398.79,2024-03-20 08:24:00,credit_card,0
322,UK,117.87,2024-01-02 11:43:00,bank,0
323,IT,389.95,2024-05-28 23:45:00,paypal,0
324,FR,171.08,2024-06-20 04:30:00,credit_card,0
325,UK,155.46,2024-04-18 18:02:00,bank,0
326,IT,211.49,2024-01-29 21:34:00,paypal,0
327,NL,356.32,2024-05-13 17:13:00,credit_card,0
328,FR,102.86,2024-03-20 16:35:00,credit_card,0
329,IT,291.21,2024-06-26 18:51:00,bank,0
330,FR,280.06,2024-03-30 23:58:00,paypal,0
331,IT,333.29,2024-05-18 03:25:00,paypal,0
332,DE,150.96,2024-01-29 17:12:00,credit_card,0
333,FR,365.49,2024-06-07 11:21:00,paypal,0
334,FR,225.44,2024-02-10 22:27:00,bank,0
335,FR,209.99,2024-03-21 12:07:00,bank,0
336,UK,351.31,2024-01-02 16:29:00,bank,0
337,UK,259.11,2024-05-06 05:07:00,paypal,0
338,ES,45.92,2024-04-02 08:55:00,bank,0
339,NL,274.05,2024-06-09 13:43:00,bank,0
340,UK,378.66,2024-03-17 07:11:00,paypal,0
341,ES,341.37,2024-06-24 13:34:00,paypal,0
342,IT,282.9,2024-04-21 08:27:00,paypal,0
343,DE,389.39,2024-04-20 20:12:00,credit_card,0
344,UK,155.1,2024-02-27 15:30:00,paypal,0
345,DE,368.7,2024-04-23 10:36:00,paypal,0
346,FR,386.31,2024-03-01 10:30:00,paypal,0
347,UK,16.44,2024-02-19 17:56:00,bank,0
348,DE,353.24,2024-02-14 09:27:00,bank,0
349,UK,112.01,2024-02-15 18:23:00,bank,0
350,NL,202.01,2024-02-26 04:02:00,bank,0
351,FR,203.63,2024-06-07 01:16:00,bank,0
352,NL,132.31,2024-02-14 16:35:00,bank,0
353,UK,320.27,2024-05-11 19:59:00,paypal,0
354,IT,272.66,2024-01-29 18:12:00,bank,0
355,ES,105.85,2024-01-02 17:03:00,bank,0
356,NL,13.03,2024-06-07 23:38:00,paypal,0
357,FR,303.0,2024-01-10 01:24:00,credit_card,0
358,UK,307.92,2024-01-31 13:04:00,bank,0
359,UK,178.05,2024-04-04 05:19:00,bank,0
360,US,3024.61,2024-03-23 12:58:00,credit_card,1
361,FR,242.95,2024-05-18 09:25:00,credit_card,0
362,UK,306.72,2024-03-07 14:48:00,bank,0
363,FR,147.9,2024-05-17 16:57:00,paypal,0
364,UK,157.5,2024-04-30 19:42:00,bank,0
365,UK,200.65,2024-01-07 17:44:00,credit_card,0
366,NL,311.4,2024-03-10 05:53:00,credit_card,0
367,ES,377.92,2024-04-26 02:53:00,paypal,0
368,FR,170.83,2024-03-03 01:23:00,bank,0
369,FR,128.13,2024-05-02 06:38:00,paypal,0
370,IT,172.09,2024-06-23 06:35:00,bank,0
371,FR,21.62,2024-06-22 21:49:00,bank,0
372,NL,289.87,2024-01-08 22:53:00,credit_card,0
373,NL,362.84,2024-03-04 14:26:00,credit_card,0
374,ES,397.6,2024-01-22 13:31:00,credit_card,0
375,FR,89.51,2024-03-16 12:35:00,paypal,0
376,US,1352.56,2024-01-18 01:21:00,paypal,1
377,NL,24.22,2024-02-21 05:15:00,bank,0
378,IT,42.26,2024-04-29 23:08:00,credit_card,0
379,NL,371.91,2024-04-14 19:41:00,credit_card,0
380,ES,302.62,2024-06-04 08:46:00,bank,0
381,UK,247.93,2024-04-02 07:24:00,credit_card,0
382,UK,182.2,2024-01-01 22:56:00,bank,0
383,ES,129.87,2024-03-21 01:21:00,paypal,0
384,NL,8.04,2024-02-24 20:55:00,credit_card,0
385,NL,181.34,2024-05-02 08:06:00,credit_card,0
386,UK,369.01,2024-03-04 21:38:00,bank,0
387,NL,129.97,2024-02-17 11:18:00,paypal,0
388,ES,117.74,2024-01-11 18:29:00,bank,0
389,NL,72.35,2024-04-24 12:15:00,bank,0
390,DE,371.99,2024-06-08 23:11:00,credit_card,0
391,DE,314.37,2024-06-06 19:53:00,paypal,0
392,ES,127.17,2024-03-15 08:17:00,paypal,0
393,IT,301.95,2024-06-01 21:25:00,bank,0
394,ES,244.79,2024-03-05 03:18:00,credit_card,0
395,FR,303.33,2024-05-05 14:04:00,paypal,0
396,ES,283.09,2024-02-09 01:28:00,bank,0
397,DE,168.25,2024-05-10 14:11:00,credit_card,0
398,DE,319.48,2024-02-23 09:44:00,bank,0
399,UK,28.92,2024-02-20 05:20:00,bank,0
400,ES,6.4,2024-05-20 09:04:00,credit_card,0
401,IT,349.72,2024-04-14 12:07:00,credit_card,0
402,ES,196.25,2024-06-23 06:40:00,paypal,0
403,IT,130.68,2024-03-27 02:27:00,credit_card,0
404,NL,385.68,2024-05-10 18:33:00,paypal,0
405,DE,75.53,2024-06-24 05:22:00,bank,0
406,NL,271.97,2024-06-06 22:50:00,bank,0
407,DE,69.19,2024-03-24 13:01:00,bank,0
408,DE,261.73,2024-05-24 01:35:00,paypal,0
409,IT,340.65,2024-01-14 06:11:00,paypal,0
410,ES,203.21,2024-02-19 14:41:00,paypal,0
411,ES,64.82,2024-05-05 16:50:00,bank,0
412,FR,368.22,2024-06-27 12:50:00,bank,0
413,DE,348.6,2024-04-13 02:17:00,credit_card,0
414,ES,367.59,2024-03-11 12:38:00,bank,0
415,NL,96.71,2024-04-26 03:02:00,credit_card,0
416,UK,389.57,2024-06-14 18:32:00,paypal,0
417,DE,371.99,2024-05-30 23:58:00,paypal,0
418,NL,374.16,2024-01-13 13:32:00,credit_card,0
419,IT,334.79,2024-03-26 14:48:00,bank,0
420,DE,231.78,2024-04-07 10:06:00,paypal,0
421,ES,315.64,2024-03-20 10:38:00,paypal,0
422,NL,119.69,2024-02-24 14:31:00,paypal,0
423,DE,32.99,2024-02-13 07:51:00,bank,0
424,UK,5861.18,2024-06-05 16:48:00,paypal,1
425,UK,302.92,2024-06-21 20:55:00,credit_card,0
426,DE,41.83,2024-01-18 13:53:00,credit_card,0
427,DE,135.27,2024-05-06 06:42:00,credit_card,0
428,ES,283.44,2024-05-05 15:42:00,bank,0
429,ES,63.59,2024-01-23 23:20:00,paypal,0
430,ES,247.78,2024-02-09 21:23:00,bank,0
431,IT,244.8,2024-03-16 09:35:00,bank,0
432,UK,27.58,2024-04-16 08:18:00,bank,0
433,IT,293.2,2024-02-26 21:32:00,bank,0
434,NL,219.56,2024-06-12 01:38:00,paypal,0
435,DE,266.06,2024-02-25 19:06:00,bank,0
436,UK,317.35,2024-04-13 08:40:00,bank,0
437,IT,374.03,2024-04-02 10:20:00,bank,0
438,IT,342.9,2024-01-19 02:05:00,credit_card,0
439,IT,246.08,2024-03-09 23:49:00,paypal,0
440,UK,392.42,2024-03-28 02:44:00,bank,0
441,FR,43.24,2024-02-22 19:57:00,credit_card,0
442,NL,117.6,2024-05-18 22:06:00,credit_card,0
443,UK,82.83,2024-03-19 12:22:00,paypal,0
444,ES,184.47,2024-04-26 17:56:00,bank,0
445,DE,217.37,2024-04-02 02:14:00,credit_card,0
446,IT,99.5,2024-03-21 01:49:00,paypal,0
447,NL,38.83,2024-03-29 11:19:00,credit_card,0
448,UK,224.54,2024-04-04 01:10:00,bank,0
449,DE,272.96,2024-02-21 17:27:00,paypal,0
450,IT,92.51,2024-04-21 23:26:00,paypal,0
451,ES,177.5,2024-01-20 06:31:00,credit_card,0
452,ES,163.33,2024-01-18 08:44:00,credit_card,0
453,FR,384.51,2024-01-15 14:00:00,credit_card,0
454,ES,175.12,2024-02-14 10:54:00,bank,0
455,FR,14.79,2024-05-14 02:05:00,bank,0
456,UK,4097.88,2024-05-26 22:23:00,paypal,1
457,NL,193.41,2024-06-20 14:54:00,bank,0
458,ES,27.19,2024-04-02 08:35:00,paypal,0
459,NL,288.46,2024-02-07 01:31:00,credit_card,0
460,IT,170.16,2024-06-24 06:02:00,paypal,0
461,UK,364.21,2024-02-25 00:17:00,bank,0
462,IT,290.37,2024-03-15 15:13:00,credit_card,0
463,NL,399.57,2024-03-30 03:16:00,paypal,0
464,UK,99.52,2024-01-10 05:47:00,paypal,0
465,ES,103.99,2024-04-25 14:36:00,credit_card,0
466,UK,19.61,2024-02-06 16:45:00,bank,0
467,ES,27.88,2024-06-08 20:04:00,credit_card,0
468,UK,5987.16,2024-01-26 04:22:00,credit_card,1
469,FR,14.65,2024-02-14 13:44:00,credit_card,0
470,NL,288.83,2024-02-23 00:35:00,credit_card,0
471,ES,251.19,2024-03-13 08:37:00,bank,0
472,UK,266.54,2024-01-24 11:23:00,paypal,0
473,NL,236.62,2024-05-28 00:16:00,credit_card,0
474,ES,38.31,2024-04-27 14:58:00,paypal,0
475,FR,379.33,2024-03-29 12:33:00,bank,0
476,UK,110.39,2024-05-23 08:05:00,credit_card,0
477,ES,47.82,2024-03-20 02:38:00,credit_card,0
478,UK,2471.42,2024-02-14 21:31:00,credit_card,1
479,FR,61.4,2024-04-20 14:31:00,credit_card,0
480,FR,373.4,2024-02-23 03:09:00,bank,0
481,UK,365.42,2024-01-18 00:18:00,paypal,0
482,FR,65.51,2024-05-16 02:54:00,bank,0
483,UK,309.74,2024-05-13 20:04:00,credit_card,0
484,NL,198.49,2024-04-12 11:27:00,paypal,0
485,NL,266.88,2024-01-16 06:46:00,paypal,0
486,NL,38.56,2024-01-10 13:51:00,paypal,0
487,IT,109.46,2024-01-23 11:58:00,credit_card,0
488,FR,365.29,2024-03-03 07:38:00,bank,0
489,NL,255.94,2024-04-23 16:34:00,paypal,0
490,ES,136.66,2024-05-01 23:51:00,bank,0
491,ES,349.61,2024-03-18 00:43:00,paypal,0
492,UK,8.09,2024-05-28 17:58:00,paypal,0
493,FR,146.51,2024-05-23 12:42:00,credit_card,0
494,US,2258.11,2024-04-17 06:32:00,paypal,1
495,UK,278.64,2024-01-12 07:25:00,bank,0
496,US,4472.21,2024-04-07 18:03:00,credit_card,1
497,ES,300.84,2024-04-13 14:54:00,paypal,0
498,UK,230.86,2024-02-12 12:26:00,credit_card,0
499,UK,284.39,2024-03-20 06:40:00,bank,0
500,FR,100.67,2024-04-14 05:35:00,paypal,0
501,DE,121.22,2024-03-14 14:51:00,credit_card,0
502,ES,237.38,2024-02-11 21:23:00,credit_card,0
503,UK,188.83,2024-01-30 01:48:00,credit_card,0
504,UK,67.44,2024-03-16 15:52:00,credit_card,0
505,ES,155.51,2024-04-26 05:51:00,paypal,0
506,IT,234.23,2024-06-22 17:06:00,bank,0
507,DE,354.27,2024-04-12 04:49:00,paypal,0
508,UK,379.01,2024-01-31 01:27:00,bank,0
509,DE,179.67,2024-02-25 03:02:00,bank,0
510,IT,353.52,2024-04-29 02:30:00,paypal,0
511,IT,266.79,2024-04-26 19:38:00,credit_card,0
512,FR,189.87,2024-02-05 02:24:00,paypal,0
513,IT,229.61,2024-01-11 23:09:00,bank,0
514,FR,335.2,2024-04-14 17:04:00,paypal,0
515,IT,117.55,2024-05-16 06:24:00,paypal,0
516,UK,177.31,2024-03-24 16:41:00,credit_card,0
517,IT,359.98,2024-03-22 00:43:00,credit_card,0
518,UK,94.14,2024-02-12 09:16:00,paypal,0
519,UK,15.53,2024-03-27 09:30:00,paypal,0
520,FR,80.29,2024-04-19 02:43:00,bank,0
521,NL,299.54,2024-03-27 16:45:00,credit_card,0
522,NL,184.66,2024-02-27 06:08:00,credit_card,0
523,IT,177.05,2024-05-13 01:54:00,bank,0
524,UK,288.85,2024-01-03 13:32:00,bank,0
525,FR,108.01,2024-02-12 21:00:00,credit_card,0
526,NL,49.19,2024-06-21 00:59:00,credit_card,0
527,UK,156.1,2024-01-08 01:11:00,credit_card,0
528,DE,386.06,2024-01-20 16:17:00,credit_card,0
529,UK,182.64,2024-05-27 10:08:00,credit_card,0
530,UK,118.01,2024-06-05 22:44:00,credit_card,0
531,ES,13.6,2024-02-16 07:44:00,paypal,0
532,UK,355.54,2024-03-29 19:52:00,paypal,0
533,DE,91.07,2024-01-14 07:04:00,paypal,0
534,US,5245.69,2024-05-21 06:23:00,paypal,1
535,US,5929.06,2024-06-04 16:56:00,paypal,1
536,FR,237.6,2024-04-05 09:13:00,bank,0
537,DE,162.27,2024-05-10 12:19:00,bank,0
538,ES,306.43,2024-03-31 16:57:00,credit_card,0
539,DE,389.99,2024-01-13 07:41:00,paypal,0
540,DE,335.49,2024-03-31 23:47:00,credit_card,0
541,DE,324.17,2024-06-04 19:46:00,bank,0
542,UK,152.2,2024-01-24 16:28:00,paypal,0
543,NL,240.91,2024-01-29 01:56:00,credit_card,0
544,IT,138.92,2024-02-04 00:13:00,bank,0
545,FR,104.73,2024-06-05 20:55:00,credit_card,0
546,US,3773.89,2024-06-26 03:36:00,paypal,1
547,DE,117.86,2024-02-19 11:08:00,paypal,0
548,FR,122.2,2024-06-25 08:21:00,credit_card,0
549,UK,190.62,2024-01-06 22:36:00,paypal,0
550,IT,355.02,2024-04-14 19:08:00,bank,0
551,DE,316.24,2024-02-03 22:00:00,bank,0
552,UK,2533.78,2024-02-09 04:43:00,paypal,1
553,UK,95.43,2024-06-13 19:50:00,credit_card,0
554,NL,233.67,2024-01-08 05:38:00,credit_card,0
555,NL,65.37,2024-05-18 19:27:00,credit_card,0
556,DE,295.59,2024-03-31 20:21:00,credit_card,0
557,ES,103.67,2024-06-17 01:48:00,bank,0
558,UK,141.08,2024-06-08 19:51:00,paypal,0
559,UK,331.66,2024-04-03 19:17:00,bank,0
560,DE,37.08,2024-06-21 16:15:00,credit_card,0
561,FR,132.45,2024-05-09 03:07:00,credit_card,0
562,IT,154.81,2024-02-11 19:25:00,paypal,0
563,IT,302.04,2024-05-31 10:43:00,bank,0
564,FR,132.89,2024-02-01 17:17:00,paypal,0
565,FR,134.1,2024-05-18 13:51:00,bank,0
566,IT,215.93,2024-02-26 08:05:00,credit_card,0
567,IT,256.09,2024-06-27 14:13:00,credit_card,0
568,NL,205.39,2024-06-28 22:05:00,paypal,0
569,IT,179.61,2024-01-10 09:29:00,paypal,0
570,DE,151.36,2024-03-21 17:10:00,paypal,0
571,NL,41.9,2024-04-26 16:31:00,paypal,0
572,DE,354.89,2024-02-27 10:51:00,credit_card,0
573,ES,20.89,2024-05-17 16:11:00,paypal,0
574,FR,264.41,2024-02-10 19:44:00,credit_card,0
575,DE,6.06,2024-03-23 00:16:00,credit_card,0
576,UK,51.09,2024-01-09 06:07:00,bank,0
577,ES,200.25,2024-02-29 04:00:00,credit_card,0
578,FR,96.35,2024-05-06 07:54:00,credit_card,0
579,FR,74.15,2024-04-20 22:54:00,credit_card,0
580,FR,45.61,2024-02-16 14:20:00,credit_card,0
581,NL,337.8,2024-04-12 14:29:00,bank,0
582,NL,22.89,2024-01-25 22:43:00,credit_card,0
583,US,3418.85,2024-02-19 03:25:00,credit_card,1
584,NL,333.07,2024-04-09 17:41:00,bank,0
585,DE,187.64,2024-05-26 21:28:00,paypal,0
586,UK,390.27,2024-01-24 19:19:00,bank,0
587,IT,102.92,2024-01-12 15:44:00,credit_card,0
588,FR,169.09,2024-04-12 15:45:00,paypal,0
589,UK,127.03,2024-03-21 05:59:00,credit_card,0
590,UK,59.22,2024-04-22 01:56:00,bank,0
591,IT,274.07,2024-01-26 00:36:00,credit_card,0
592,DE,385.34,2024-01-26 14:58:00,bank,0
593,FR,41.23,2024-06-14 18:03:00,bank,0
594,ES,223.25,2024-03-19 05:46:00,paypal,0
595,FR,396.29,2024-05-14 14:08:00,bank,0
596,UK,325.54,2024-01-12 11:41:00,credit_card,0
597,UK,247.87,2024-03-20 04:17:00,bank,0
598,IT,276.01,2024-03-30 06:01:00,bank,0
599,FR,67.56,2024-04-10 06:39:00,paypal,0
600,NL,201.21,2024-06-13 14:18:00,paypal,0
601,DE,399.44,2024-06-03 05:54:00,credit_card,0
602,UK,318.51,2024-04-02 14:47:00,credit_card,0
603,ES,374.05,2024-05-09 12:09:00,paypal,0
604,DE,338.92,2024-03-07 21:53:00,bank,0
605,UK,34.56,2024-05-22 06:32:00,credit_card,0
606,IT,149.48,2024-05-23 22:32:00,paypal,0
607,FR,251.67,2024-06-13 04:54:00,paypal,0
608,ES,163.99,2024-02-19 13:27:00,paypal,0
609,ES,48.8,2024-05-03 11:10:00,bank,0
610,ES,223.62,2024-03-03 13:53:00,bank,0
611,IT,374.34,2024-06-08 21:47:00,paypal,0
612,NL,113.02,2024-01-23 04:28:00,paypal,0
613,NL,105.62,2024-05-09 00:43:00,credit_card,0
614,FR,211.09,2024-04-28 09:53:00,paypal,0
615,NL,116.78,2024-01-19 07:12:00,paypal,0
616,UK,4123.83,2024-02-01 03:42:00,credit_card,1
617,FR,342.07,2024-01-20 09:58:00,bank,0
618,IT,151.55,2024-06-21 19:54:00,bank,0
619,DE,216.67,2024-05-18 18:03:00,paypal,0
620,FR,376.39,2024-04-20 20:14:00,paypal,0
621,FR,307.37,2024-01-06 20:45:00,paypal,0
622,UK,122.49,2024-01-14 06:49:00,bank,0
623,FR,372.89,2024-02-27 23:40:00,bank,0
624,IT,176.24,2024-03-06 22:25:00,credit_card,0
625,FR,240.04,2024-05-02 22:02:00,credit_card,0
626,DE,307.5,2024-01-24 08:57:00,paypal,0
627,IT,292.32,2024-05-08 11:34:00,paypal,0
628,UK,212.56,2024-02-27 02:48:00,bank,0
629,UK,387.52,2024-04-19 07:13:00,credit_card,0
630,NL,352.33,2024-06-06 06:59:00,paypal,0
631,FR,374.53,2024-04-13 22:55:00,paypal,0
632,ES,324.24,2024-04-07 23:18:00,paypal,0
633,FR,317.2,2024-01-05 18:50:00,credit_card,0
634,DE,255.54,2024-05-30 23:28:00,credit_card,0
635,IT,267.72,2024-03-09 03:20:00,bank,0
636,DE,127.0,2024-06-22 03:43:00,bank,0
637,ES,56.7,2024-04-27 12:14:00,bank,0
638,DE,398.39,2024-01-22 03:20:00,bank,0
639,UK,125.95,2024-04-15 20:51:00,credit_card,0
640,UK,187.48,2024-01-10 20:49:00,paypal,0
641,ES,103.9,2024-01-17 15:00:00,paypal,0
642,UK,32.49,2024-05-14 21:20:00,bank,0
643,FR,127.62,2024-05-26 19:55:00,paypal,0
644,DE,387.19,2024-06-28 14:24:00,paypal,0
645,NL,64.19,2024-02-29 17:34:00,paypal,0
646,NL,231.29,2024-02-17 14:44:00,paypal,0
647,DE,348.86,2024-05-15 18:28:00,bank,0
648,FR,345.29,2024-02-28 03:06:00,bank,0
649,NL,60.37,2024-02-03 09:40:00,bank,0
650,IT,213.35,2024-06-24 21:41:00,paypal,0
651,NL,240.2,2024-06-21 22:47:00,paypal,0
652,UK,277.66,2024-04-26 06:34:00,bank,0
653,IT,122.45,2024-04-17 03:18:00,bank,0
654,NL,200.05,2024-01-15 15:27:00,paypal,0
655,ES,16.13,2024-06-18 10:50:00,credit_card,0
656,NL,246.72,2024-01-16 16:40:00,credit_card,0
657,ES,242.16,2024-01-23 00:53:00,paypal,0
658,ES,376.75,2024-03-17 23:50:00,paypal,0
659,NL,324.43,2024-03-23 13:04:00,bank,0
660,UK,307.5,2024-04-04 21:35:00,bank,0
661,DE,13.24,2024-02-29 02:56:00,bank,0
662,ES,383.5,2024-04-27 11:59:00,paypal,0
663,UK,57.53,2024-06-05 14:38:00,paypal,0
664,NL,365.85,2024-01-22 10:30:00,bank,0
665,DE,231.77,2024-05-26 22:48:00,bank,0
666,FR,193.59,2024-06-19 08:41:00,credit_card,0
667,ES,395.58,2024-05-23 06:21:00,credit_card,0
668,NL,7.84,2024-05-08 20:36:00,credit_card,0
669,ES,74.16,2024-05-21 20:07:00,paypal,0
670,NL,249.15,2024-01-06 12:19:00,bank,0
671,DE,333.52,2024-01-14 23:14:00,bank,0
672,IT,261.96,2024-05-17 14:37:00,bank,0
673,FR,54.86,2024-05-01 20:54:00,credit_card,0
674,ES,327.22,2024-03-08 01:22:00,bank,0
675,IT,220.5,2024-04-26 20:32:00,paypal,0
676,NL,24.98,2024-04-08 09:51:00,credit_card,0
677,IT,348.49,2024-06-27 13:04:00,bank,0
678,DE,378.37,2024-06-28 19:06:00,bank,0
679,ES,136.56,2024-01-31 14:34:00,credit_card,0
680,DE,63.93,2024-04-12 11:05:00,credit_card,0
681,IT,151.95,2024-05-18 21:58:00,bank,0
682,UK,198.09,2024-06-12 15:18:00,paypal,0
683,IT,321.56,2024-05-01 12:41:00,credit_card,0
684,UK,185.45,2024-02-24 23:59:00,bank,0
685,FR,28.56,2024-05-24 07:02:00,credit_card,0
686,FR,291.07,2024-06-27 09:25:00,paypal,0
687,UK,310.97,2024-03-10 05:04:00,paypal,0
688,DE,25.21,2024-04-12 06:36:00,bank,0
689,IT,299.89,2024-03-02 15:52:00,bank,0
690,DE,57.9,2024-02-18 03:29:00,bank,0
691,DE,86.4,2024-01-19 08:49:00,credit_card,0
692,UK,176.42,2024-01-18 22:06:00,credit_card,0
693,DE,136.11,2024-01-23 15:50:00,paypal,0
694,DE,312.48,2024-02-09 20:07:00,credit_card,0
695,UK,28.94,2024-05-12 13:36:00,credit_card,0
696,ES,194.09,2024-03-03 00:34:00,bank,0
697,UK,212.65,2024-05-20 00:31:00,bank,0
698,ES,237.97,2024-05-26 08:19:00,paypal,0
699,UK,137.19,2024-03-01 00:26:00,paypal,0
700,ES,8.05,2024-05-15 23:45:00,credit_card,0
701,ES,399.46,2024-02-05 09:50:00,credit_card,0
702,IT,256.29,2024-03-30 21:53:00,paypal,0
703,NL,292.68,2024-05-16 12:57:00,paypal,0
704,IT,251.33,2024-02-10 09:01:00,credit_card,0
705,IT,105.67,2024-04-17 13:05:00,paypal,0
706,FR,364.0,2024-02-09 06:50:00,bank,0
707,NL,147.58,2024-04-27 08:04:00,bank,0
708,NL,21.91,2024-01-01 16:55:00,bank,0
709,NL,326.28,2024-02-12 22:13:00,paypal,0
710,IT,96.78,2024-01-20 05:52:00,bank,0
711,ES,470.82,2024-03-10 18:57:00,credit_card,0
712,NL,477.43,2024-04-06 20:47:00,credit_card,0
713,IT,458.28,2024-03-19 08:16:00,paypal,0
714,FR,191.38,2024-03-30 10:18:00,credit_card,0
715,ES,17.57,2024-02-13 06:12:00,credit_card,0
716,FR,464.88,2024-01-17 13:13:00,paypal,0
717,ES,219.81,2024-04-03 21:50:00,bank,0
718,IT,483.66,2024-05-14 13:12:00,bank,0
719,DE,482.17,2024-01-15 02:29:00,bank,0
720,ES,427.97,2024-01-05 20:10:00,paypal,0
721,FR,154.28,2024-02-20 07:54:00,credit_card,0
722,IT,198.7,2024-02-02 07:40:00,bank,0
723,ES,427.06,2024-04-15 04:16:00,bank,0
724,DE,165.29,2024-01-13 12:17:00,paypal,0
725,DE,93.05,2024-02-22 16:40:00,bank,0
726,NL,282.83,2024-03-14 07:30:00,paypal,0
727,NL,468.72,2024-01-07 01:02:00,credit_card,0
728,FR,351.05,2024-04-01 06:56:00,paypal,0
729,ES,289.33,2024-01-01 06:44:00,paypal,0
730,ES,57.62,2024-04-29 10:55:00,paypal,0
731,NL,311.35,2024-05-04 07:18:00,paypal,0
732,ES,495.13,2024-04-21 07:01:00,credit_card,0
733,ES,78.64,2024-01-09 20:43:00,credit_card,0
734,DE,263.98,2024-04-13 18:56:00,bank,0
735,NL,439.91,2024-05-12 18:12:00,credit_card,0
736,IT,372.98,2024-03-09 03:42:00,credit_card,0
737,NL,351.54,2024-04-07 20:52:00,bank,0
738,IT,354.22,2024-02-26 00:02:00,credit_card,0
739,DE,186.15,2024-02-05 03:32:00,paypal,0
740,FR,153.86,2024-01-17 08:54:00,paypal,0
741,ES,406.59,2024-01-17 08:04:00,bank,0
742,DE,406.96,2024-01-08 13:56:00,bank,0
743,ES,434.87,2024-01-04 08:09:00,bank,0
744,FR,457.49,2024-04-23 09:13:00,paypal,0
745,FR,260.56,2024-05-08 01:22:00,credit_card,0
746,DE,255.74,2024-04-10 08:48:00,paypal,0
747,FR,401.16,2024-05-10 04:29:00,bank,0
748,IT,328.48,2024-03-25 05:28:00,credit_card,0
749,FR,353.96,2024-01-27 22:05:00,credit_card,0
750,ES,399.94,2024-04-25 04:48:00,paypal,0
751,ES,446.1,2024-02-01 07:46:00,bank,0
752,ES,175.62,2024-02-07 10:52:00,paypal,0
753,ES,194.04,2024-04-12 21:32:00,credit_card,0
754,IT,56.05,2024-02-09 15:31:00,paypal,0
755,NL,293.36,2024-01-16 05:49:00,paypal,0
756,DE,27.61,2024-01-27 05:04:00,bank,0
757,ES,238.14,2024-05-02 15:35:00,bank,0
758,FR,275.9,2024-03-16 05:19:00,credit_card,0
759,ES,150.41,2024-03-05 00:33:00,paypal,0
760,FR,299.51,2024-01-26 03:07:00,paypal,0
761,FR,24.95,2024-04-06 01:11:00,paypal,0
762,ES,28.3,2024-03-27 10:14:00,credit_card,0
763,IT,413.07,2024-01-11 01:29:00,credit_card,0
764,FR,186.49,2024-05-11 07:29:00,bank,0
765,FR,72.26,2024-02-12 23:17:00,bank,0
766,ES,265.9,2024-04-30 23:17:00,bank,0
767,FR,387.3,2024-02-04 16:02:00,paypal,0
768,FR,115.75,2024-03-06 07:54:00,paypal,0
769,ES,315.22,2024-04-23 06:41:00,bank,0
770,ES,51.82,2024-01-26 18:51:00,paypal,0
771,DE,35.32,2024-04-30 20:16:00,bank,0
772,IT,270.36,2024-03-21 09:25:00,credit_card,0
773,IT,274.91,2024-02-21 08:43:00,bank,0
774,FR,322.34,2024-03-15 05:24:00,credit_card,0
775,IT,365.78,2024-03-28 10:37:00,paypal,0
776,FR,488.17,2024-01-17 20:45:00,bank,0
777,DE,262.99,2024-01-27 03:06:00,paypal,0
778,ES,168.25,2024-04-30 18:00:00,credit_card,0
779,ES,399.64,2024-05-08 10:23:00,credit_card,0
780,ES,142.71,2024-01-14 07:58:00,credit_card,0
781,IT,225.1,2024-04-14 17:50:00,paypal,0
782,DE,48.44,2024-01-11 14:14:00,paypal,0
783,IT,22.42,2024-01-31 17:18:00,paypal,0
784,IT,481.7,2024-01-01 20:52:00,paypal,0
785,DE,419.63,2024-01-28 14:44:00,credit_card,0
786,DE,351.03,2024-02-23 23:09:00,credit_card,0
787,DE,210.39,2024-04-27 00:33:00,bank,0
788,DE,94.91,2024-02-07 06:42:00,bank,0
789,ES,86.65,2024-02-11 07:34:00,paypal,0
790,NL,132.62,2024-02-26 11:17:00,credit_card,0
791,NL,279.12,2024-02-15 06:55:00,credit_card,0
792,DE,360.15,2024-02-24 13:47:00,credit_card,0
793,NL,333.5,2024-01-05 19:49:00,bank,0
794,NL,147.17,2024-02-08 11:13:00,bank,0
795,DE,477.88,2024-04-05 20:13:00,credit_card,0
796,NL,371.57,2024-01-19 00:14:00,credit_card,0
797,IT,281.63,2024-04-17 06:18:00,credit_card,0
798,FR,309.74,2024-05-13 23:58:00,bank,0
799,FR,215.6,2024-02-22 14:25:00,credit_card,0
800,DE,131.39,2024-03-06 14:16:00,credit_card,0
801,ES,184.43,2024-02-07 02:13:00,paypal,0
802,DE,381.34,2024-05-10 11:12:00,paypal,0
803,ES,17.05,2024-03-08 12:39:00,bank,0
804,FR,66.88,2024-01-30 09:18:00,credit_card,0
805,DE,32.54,2024-02-18 21:10:00,credit_card,0
806,IT,29.96,2024-05-07 08:41:00,paypal,0
807,NL,429.18,2024-01-30 22:08:00,bank,0
808,ES,354.79,2024-03-12 15:56:00,paypal,0
809,NL,242.35,2024-04-28 16:03:00,paypal,0
810,NL,57.94,2024-02-08 12:39:00,paypal,0
811,DE,250.89,2024-01-14 20:43:00,paypal,0
812,NL,242.0,2024-02-08 06:43:00,credit_card,0
813,IT,94.87,2024-03-28 10:31:00,credit_card,0
814,NL,222.59,2024-03-12 03:48:00,paypal,0
815,DE,205.27,2024-02-21 00:37:00,bank,0
816,IT,311.77,2024-01-10 23:48:00,bank,0
817,FR,321.2,2024-01-04 20:49:00,bank,0
818,NL,32.2,2024-02-18 11:56:00,bank,0
819,DE,193.56,2024-03-13 14:53:00,paypal,0
820,FR,316.67,2024-04-26 10:18:00,credit_card,0
821,FR,256.54,2024-04-09 08:47:00,bank,0
822,ES,429.68,2024-02-01 06:02:00,paypal,0
823,IT,332.76,2024-04-05 08:46:00,bank,0
824,NL,89.84,2024-04-12 22:16:00,bank,0
825,DE,44.58,2024-04-17 20:06:00,paypal,0
826,ES,324.79,2024-04-05 06:02:00,credit_card,0
827,IT,22.99,2024-04-09 02:29:00,credit_card,0
828,ES,297.03,2024-04-16 14:07:00,paypal,0
829,IT,470.71,2024-01-17 17:11:00,credit_card,0
830,IT,291.98,2024-02-10 10:43:00,paypal,0
831,NL,200.2,2024-03-28 09:07:00,paypal,0
832,IT,325.21,2024-03-16 03:35:00,paypal,0
833,ES,234.54,2024-04-29 15:52:00,credit_card,0
834,IT,277.35,2024-03-11 12:50:00,paypal,0
835,NL,471.32,2024-04-24 05:46:00,bank,0
836,NL,199.19,2024-02-18 10:04:00,credit_card,0
837,ES,480.98,2024-03-21 02:39:00,credit_card,0
838,FR,453.62,2024-02-22 13:37:00,credit_card,0
839,FR,105.94,2024-01-20 22:52:00,credit_card,0
840,IT,43.99,2024-03-25 08:25:00,bank,0
841,DE,59.38,2024-04-08 21:06:00,credit_card,0
842,IT,18.93,2024-04-17 15:46:00,credit_card,0
843,ES,56.28,2024-02-09 15:48:00,paypal,0
844,ES,344.67,2024-03-18 05:15:00,credit_card,0
845,ES,44.88,2024-03-12 14:01:00,bank,0
846,ES,166.3,2024-01-26 11:08:00,bank,0
847,ES,423.99,2024-01-17 00:21:00,bank,0
848,NL,21.4,2024-02-25 00:52:00,bank,0
849,FR,409.09,2024-01-28 14:29:00,credit_card,0
850,ES,148.11,2024-03-31 16:00:00,credit_card,0
851,DE,67.9,2024-03-13 16:40:00,bank,0
852,DE,351.4,2024-04-12 18:19:00,bank,0
853,DE,318.18,2024-04-14 01:29:00,credit_card,0
854,DE,439.96,2024-02-05 22:25:00,bank,0
855,NL,370.18,2024-03-16 07:44:00,paypal,0
856,DE,403.71,2024-03-04 19:05:00,bank,0
857,ES,148.2,2024-03-19 01:48:00,bank,0
858,IT,96.95,2024-01-17 09:44:00,paypal,0
859,DE,377.8,2024-01-17 04:41:00,paypal,0
860,NL,405.35,2024-04-08 07:20:00,credit_card,0
861,NL,495.35,2024-01-16 16:14:00,credit_card,0
862,DE,212.18,2024-04-04 15:52:00,paypal,0
863,IT,192.29,2024-05-01 00:53:00,paypal,0
864,DE,390.44,2024-04-08 07:10:00,credit_card,0
865,NL,176.99,2024-05-09 15:57:00,bank,0
866,FR,466.07,2024-04-14 09:34:00,paypal,0
867,ES,430.62,2024-03-23 12:31:00,credit_card,0
868,NL,220.21,2024-05-07 16:28:00,bank,0
869,DE,377.93,2024-04-04 02:24:00,paypal,0
870,ES,379.73,2024-03-07 03:37:00,bank,0
871,DE,60.53,2024-02-14 15:31:00,credit_card,0
872,DE,452.25,2024-05-12 06:31:00,paypal,0
873,FR,257.57,2024-03-29 14:40:00,bank,0
874,ES,414.96,2024-02-05 00:28:00,paypal,0
875,ES,166.82,2024-04-01 05:34:00,bank,0
876,FR,448.81,2024-04-01 01:27:00,credit_card,0
877,NL,200.71,2024-03-18 07:17:00,credit_card,0
878,DE,15.31,2024-04-07 01:49:00,paypal,0
879,IT,453.64,2024-03-29 12:09:00,bank,0
880,DE,54.73,2024-01-20 22:19:00,paypal,0
881,DE,166.46,2024-02-21 04:06:00,paypal,0
882,NL,475.53,2024-02-16 23:41:00,bank,0
883,DE,475.8,2024-01-31 17:27:00,bank,0
884,FR,290.98,2024-04-12 15:40:00,bank,0
885,FR,319.6,2024-03-13 23:53:00,credit_card,0
886,ES,229.74,2024-01-04 05:01:00,paypal,0
887,IT,153.67,2024-04-11 11:06:00,paypal,0
888,DE,171.05,2024-04-04 13:58:00,credit_card,0
889,DE,339.53,2024-04-04 13:54:00,bank,0
890,NL,378.66,2024-01-13 12:30:00,credit_card,0
891,FR,397.87,2024-02-27 12:38:00,credit_card,0
892,IT,396.91,2024-02-28 19:57:00,credit_card,0
893,ES,54.69,2024-05-09 16:10:00,paypal,0
894,FR,252.27,2024-01-27 19:58:00,credit_card,0
895,ES,38.2,2024-02-16 13:47:00,paypal,0
896,NL,279.27,2024-03-22 23:13:00,paypal,0
897,NL,226.35,2024-03-14 14:17:00,paypal,0
898,DE,444.98,2024-03-02 17:09:00,bank,0
899,IT,181.95,2024-03-14 01:06:00,paypal,0
900,ES,67.36,2024-01-25 01:54:00,paypal,0
901,FR,80.07,2024-04-25 22:06:00,bank,0
902,NL,383.14,2024-02-02 03:11:00,paypal,0
903,DE,312.93,2024-02-21 04:08:00,credit_card,0
904,DE,59.55,2024-04-27 18:30:00,credit_card,0
905,ES,51.21,2024-03-18 03:16:00,paypal,0
906,NL,353.47,2024-04-08 03:39:00,bank,0
907,IT,45.65,2024-01-01 17:42:00,credit_card,0
908,NL,412.71,2024-02-05 00:48:00,bank,0
909,ES,356.06,2024-03-07 07:02:00,bank,0
910,ES,49.86,2024-04-05 08:21:00,credit_card,0
911,NL,51.57,2024-05-10 11:05:00,bank,0
912,ES,493.45,2024-02-03 06:35:00,credit_card,0
913,NL,193.39,2024-01-04 05:12:00,bank,0
914,FR,191.61,2024-03-13 15:12:00,credit_card,0
915,NL,408.27,2024-04-03 12:28:00,paypal,0
916,NL,474.15,2024-03-17 05:39:00,credit_card,0
917,ES,493.14,2024-04-05 07:20:00,credit_card,0
918,ES,379.16,2024-03-16 01:39:00,credit_card,0
919,DE,194.37,2024-01-06 06:01:00,credit_card,0
920,DE,50.92,2024-02-27 01:12:00,bank,0
921,FR,390.8,2024-03-27 19:56:00,paypal,0
922,DE,283.62,2024-03-27 03:29:00,credit_card,0
923,NL,217.87,2024-01-19 13:34:00,bank,0
924,ES,454.11,2024-04-05 10:43:00,paypal,0
925,DE,64.49,2024-01-19 02:29:00,paypal,0
926,DE,251.39,2024-01-09 23:10:00,paypal,0
927,FR,15.56,2024-02-21 00:39:00,paypal,0
928,FR,239.64,2024-02-26 10:24:00,credit_card,0
929,NL,37.59,2024-01-17 03:55:00,credit_card,0
930,ES,68.22,2024-02-20 04:34:00,bank,0
931,FR,67.59,2024-03-10 23:36:00,bank,0
932,DE,328.11,2024-05-12 16:36:00,bank,0
933,ES,375.56,2024-05-14 18:13:00,paypal,0
934,ES,295.85,2024-05-08 21:45:00,paypal,0
935,DE,481.46,2024-02-03 15:27:00,credit_card,0
936,FR,193.69,2024-04-25 00:01:00,paypal,0
937,DE,150.0,2024-03-28 18:34:00,paypal,0
938,ES,435.61,2024-02-22 13:43:00,paypal,0
939,IT,119.56,2024-02-22 20:10:00,bank,0
940,IT,481.98,2024-01-12 23:40:00,bank,0
941,NL,15.96,2024-03-19 04:21:00,credit_card,0
942,DE,485.24,2024-01-03 15:32:00,paypal,0
943,DE,31.15,2024-04-20 11:36:00,paypal,0
944,NL,446.66,2024-05-11 18:08:00,credit_card,0
945,NL,268.57,2024-03-21 15:48:00,paypal,0
946,NL,496.55,2024-04-19 23:17:00,paypal,0
947,ES,46.16,2024-03-21 20:21:00,bank,0
948,DE,281.39,2024-01-02 02:45:00,credit_card,0
949,ES,484.96,2024-02-20 05:03:00,credit_card,0
950,NL,266.32,2024-04-19 20:51:00,credit_card,0
951,DE,318.41,2024-05-10 00:10:00,credit_card,0
952,ES,350.92,2024-02-22 20:45:00,bank,0
953,ES,232.73,2024-04-10 16:30:00,bank,0
954,NL,317.5,2024-04-20 01:58:00,paypal,0
955,DE,296.31,2024-03-27 03:20:00,paypal,0
956,NL,451.57,2024-04-10 01:58:00,paypal,0
957,DE,32.27,2024-04-18 06:10:00,paypal,0
958,IT,147.67,2024-01-04 00:04:00,bank,0
959,FR,475.7,2024-02-23 00:03:00,credit_card,0
960,FR,446.23,2024-01-07 07:51:00,bank,0
961,FR,233.27,2024-04-27 11:42:00,paypal,0
962,NL,313.86,2024-01-12 09:09:00,bank,0
963,IT,145.92,2024-03-25 20:17:00,credit_card,0
964,DE,102.18,2024-01-29 18:27:00,credit_card,0
965,ES,237.21,2024-04-20 23:38:00,bank,0
966,DE,183.14,2024-03-26 08:03:00,bank,0
967,ES,295.99,2024-04-01 02:29:00,bank,0
968,DE,48.09,2024-03-28 08:48:00,paypal,0
969,IT,487.45,2024-03-18 22:21:00,bank,0
970,ES,493.24,2024-01-10 04:34:00,bank,0
971,NL,352.1,2024-02-07 02:41:00,bank,0
972,DE,272.69,2024-01-01 14:06:00,credit_card,0
973,DE,161.67,2024-01-08 14:34:00,credit_card,0
974,ES,408.76,2024-02-25 00:39:00,paypal,0
975,NL,345.52,2024-02-02 07:14:00,paypal,0
976,NL,89.68,2024-03-02 06:36:00,credit_card,0
977,IT,456.35,2024-03-08 18:19:00,credit_card,0
978,NL,413.04,2024-04-05 12:21:00,credit_card,0
979,NL,475.4,2024-04-21 22:17:00,bank,0
980,NL,365.6,2024-01-30 05:41:00,bank,0
981,UK,3120.93,2024-04-14 23:11:00,credit_card,1
982,US,3461.19,2024-04-26 04:12:00,credit_card,1
983,US,2489.23,2024-04-30 02:26:00,credit_card,1
984,US,3363.89,2024-04-10 15:31:00,credit_card,1
985,UK,4572.35,2024-05-06 01:32:00,credit_card,1
986,UK,3315.54,2024-04-22 20:11:00,credit_card,1
987,UK,3939.09,2024-03-23 13:05:00,credit_card,1
988,US,4260.2,2024-04-07 01:37:00,credit_card,1
989,US,4957.17,2024-04-30 19:12:00,credit_card,1
990,US,3492.15,2024-01-17 03:16:00,credit_card,1
991,UK,4266.03,2024-03-02 01:55:00,credit_card,1
992,UK,4858.07,2024-03-12 15:05:00,credit_card,1
993,US,4788.76,2024-04-11 16:30:00,credit_card,1
994,UK,1736.11,2024-03-06 21:54:00,credit_card,1
995,UK,2744.29,2024-03-12 10:30:00,credit_card,1
996,UK,2431.16,2024-03-21 17:23:00,credit_card,1
997,UK,1530.32,2024-01-11 03:16:00,credit_card,1
998,US,3606.31,2024-04-24 08:04:00,credit_card,1
999,UK,3996.44,2024-04-01 21:51:00,credit_card,1
1000,UK,4422.89,2024-05-14 21:49:00,credit_card,1
